{
  "single_analysis": 3.5940470695495605,
  "concurrent_5_wall": 3.001171112060547,
  "watchlist_10": 0.3063979148864746
}